<?xml version="1.0" encoding="UTF-8"?>
<?xml-stylesheet type="text/css" href="boxes9.css"?>
<facingPages>
	<pageLeft>
		<paragraph>
			Lorem ipsum dolor sit amet, consectetuer adipiscing elit, sed diam
		   nonummy nibh euismod tincidunt ut laoreet dolore magna aliquam erat volutpat. Ut
		   wisi enim ad minim veniam, quis nostrud exercitation ulliam corper suscipit
		   lobortis nisl ut aliquip ex ea commodo consequat. Duis autem veleum iriure dolor
		   in hendrerit in vulputate velit esse molestie consequat, vel willum lunombro
		   dolore eu feugiat nulla facilisis at vero eros et accumsan et iusto odio
		   dignissim qui blandit praesent luptatum zzril delenit augue duis dolore te
		   feugait nulla facilisi. 
	   </paragraph>
	</pageLeft>
	<pageRight>
		<paragraph>
			Lorem ipsum dolor sit amet, consectetuer adipiscing elit, sed diam
		   nonummy nibh euismod tincidunt ut laoreet dolore magna aliquam erat volutpat. Ut
		   wisi enim ad minim veniam, quis nostrud exercitation ulliam corper suscipit
		   lobortis nisl ut aliquip ex ea commodo consequat. Duis autem veleum iriure dolor
		   in hendrerit in vulputate velit esse molestie consequat, vel willum lunombro
		   dolore eu feugiat nulla facilisis at vero eros et accumsan et iusto odio
		   dignissim qui blandit praesent luptatum zzril delenit augue duis dolore te
		   feugait nulla facilisi. 
	   </paragraph>
	</pageRight>
</facingPages>
