<?xml version="1.0" encoding="UTF-8"?>
<?xml-stylesheet type="text/css" href="boxes.css"?>
<document>
	<page>
		<pageNumber>Page 1</pageNumber>
		<paragraph>
			Here is some text, 
			<reference>and a reference,</reference> 
			then
			<important>some important text</important>.
	  </paragraph>
		<paragraph>
		  Here is more text, 
		  <reference>another reference,</reference> 
		  and
		  <important>more important text</important>.
	  </paragraph>
	</page>
	<page>
		<pageNumber>Page 2</pageNumber>
		<paragraph>
			Here is some text, 
			<reference>and a reference,</reference> 
			then
			<important>some important text</important>.
	  </paragraph>
		<paragraph>
		  Here is more text, 
		  <reference>another reference,</reference> 
		  and
		  <important>more important text</important>.
	  </paragraph>
	</page>
</document>